{
  "train_losses": [
    0.25580689311027527,
    0.11599254794418812,
    0.09377659484744072,
    0.09316401183605194,
    0.08331950008869171,
    0.08394484594464302,
    0.08249380812048912,
    0.08045836351811886,
    0.07979299500584602,
    0.07956868037581444,
    0.07959255203604698,
    0.07872021570801735,
    0.07826870121061802,
    0.077318349853158,
    0.07595984451472759,
    0.07514793984591961,
    0.07460650615394115,
    0.07478903792798519,
    0.07291645556688309,
    0.07235860265791416,
    0.07189213670790195,
    0.07077529281377792,
    0.07051246426999569,
    0.06935826689004898,
    0.06928987428545952,
    0.06859396025538445,
    0.06758208945393562,
    0.06824804656207561,
    0.06708131544291973,
    0.06649488024413586,
    0.06621413584798574,
    0.06492394581437111,
    0.06595476344227791,
    0.06451314873993397,
    0.0642421804368496,
    0.06341114453971386,
    0.06337967980653048,
    0.06407034303992987,
    0.06231986451894045,
    0.06284839194267988,
    0.06289053708314896,
    0.062196746468544006,
    0.06225991901010275,
    0.06155087240040302,
    0.0627650311216712,
    0.06148775015026331,
    0.06210589315742254,
    0.06192866154015064,
    0.061970814131200314,
    0.06080401223152876,
    0.061901362612843513,
    0.06092041917145252,
    0.061288055032491684,
    0.0601597111672163,
    0.060360174626111984,
    0.06012825574725866,
    0.060491228476166725,
    0.06057937350124121,
    0.05997807718813419,
    0.060094126500189304,
    0.06014289613813162,
    0.059587723575532436,
    0.0594218485057354,
    0.060154144652187824,
    0.05976877547800541,
    0.060077957808971405,
    0.05964996013790369,
    0.059405398555099964,
    0.05914980638772249,
    0.060153852216899395,
    0.059536161832511425,
    0.05940466094762087,
    0.058783174492418766,
    0.059352802112698555,
    0.058787777088582516,
    0.05885593220591545,
    0.05899329204112291,
    0.05898746382445097,
    0.05907988362014294,
    0.058605458587408066,
    0.05851401761174202
  ],
  "val_losses": [
    0.25523582100868225,
    0.21469442546367645,
    0.17953082919120789,
    0.16611681878566742,
    0.1523135006427765,
    0.17837731540203094,
    0.2020384520292282,
    0.21711547672748566,
    0.21808940172195435,
    0.2193586826324463,
    0.21622894704341888,
    0.21213367581367493,
    0.20519499480724335,
    0.19998136162757874,
    0.19461823999881744,
    0.17964737117290497,
    0.16755230724811554,
    0.1308319866657257,
    0.11046549677848816,
    0.0961129367351532,
    0.09822630882263184,
    0.09625256061553955,
    0.09577243030071259,
    0.09130656719207764,
    0.10391242057085037,
    0.09101349860429764,
    0.08467110991477966,
    0.08072664588689804,
    0.07839197665452957,
    0.07562994956970215,
    0.0737193375825882,
    0.07276332378387451,
    0.06891839951276779,
    0.0751395970582962,
    0.07281902432441711,
    0.07975084334611893,
    0.07209056615829468,
    0.07149198651313782,
    0.0670507624745369,
    0.07437695562839508,
    0.07684822380542755,
    0.07784698903560638,
    0.06732190400362015,
    0.0677458867430687,
    0.07029103487730026,
    0.07265149801969528,
    0.06981716305017471,
    0.07430041581392288,
    0.06938609480857849,
    0.07211259007453918,
    0.06695083528757095,
    0.06518431007862091,
    0.0667271688580513,
    0.06953045725822449,
    0.06753760576248169,
    0.06626073271036148,
    0.06695909798145294,
    0.06731676310300827,
    0.07053396850824356,
    0.0653274655342102,
    0.06425247341394424,
    0.06438453495502472,
    0.06681405007839203,
    0.07521840184926987,
    0.07986350357532501,
    0.07782205194234848,
    0.06866414099931717,
    0.07366222143173218,
    0.06907542049884796,
    0.06893403828144073,
    0.06841380149126053,
    0.07099483907222748,
    0.06785692274570465,
    0.06859143823385239,
    0.06584779173135757,
    0.06471255421638489,
    0.0642634853720665,
    0.06581766158342361,
    0.06981176882982254,
    0.06649161875247955,
    0.06682318449020386
  ],
  "final_metrics": {
    "overall": {
      "mae": 0.44475024938583374,
      "rmse": 0.9438568353652954,
      "r2": 0.20444713532924652
    },
    "parameters": {
      "n1": {
        "mae": "1.0878267",
        "rmse": "1.3874701",
        "r2": 0.4447574019432068,
        "within_tolerance": 0.0784313725490196,
        "tolerance": 0.1
      },
      "k1": {
        "mae": "0.024739826",
        "rmse": "0.028930081",
        "r2": 0.20441854000091553,
        "within_tolerance": 0.0,
        "tolerance": 0.001
      },
      "d1": {
        "mae": "9.628474e-05",
        "rmse": "0.00011190476",
        "r2": 0.141781747341156,
        "within_tolerance": 0.2549019607843137,
        "tolerance": 5e-05
      },
      "n2": {
        "mae": "1.5615121",
        "rmse": "1.8807675",
        "r2": 0.05079841613769531,
        "within_tolerance": 0.0196078431372549,
        "tolerance": 0.1
      },
      "k2": {
        "mae": "0.023267927",
        "rmse": "0.027733622",
        "r2": 0.25022631883621216,
        "within_tolerance": 0.058823529411764705,
        "tolerance": 0.001
      },
      "d2": {
        "mae": "9.0334055e-05",
        "rmse": "0.000109727036",
        "r2": 0.16281825304031372,
        "within_tolerance": 0.3137254901960784,
        "tolerance": 5e-05
      },
      "n3": {
        "mae": "1.281152",
        "rmse": "1.5978063",
        "r2": 0.40500152111053467,
        "within_tolerance": 0.0196078431372549,
        "tolerance": 0.1
      },
      "k3": {
        "mae": "0.023960592",
        "rmse": "0.02900487",
        "r2": 0.12342184782028198,
        "within_tolerance": 0.0196078431372549,
        "tolerance": 0.001
      },
      "d3": {
        "mae": "0.00010686736",
        "rmse": "0.00012455869",
        "r2": 0.05679982900619507,
        "within_tolerance": 0.19607843137254902,
        "tolerance": 5e-05
      }
    },
    "avg_tolerance_satisfaction": 0.10675381263616558,
    "loss": 0.06682318449020386
  },
  "param_ranges": {
    "n": [
      1.0,
      8.0
    ],
    "k": [
      -0.1,
      0.001
    ],
    "d": [
      5e-05,
      0.0005
    ]
  }
}