{
  "train_losses": [
    0.26878954097628593,
    0.11668075062334538,
    0.09102850407361984,
    0.09129718504846096,
    0.08369408547878265,
    0.08224891126155853,
    0.08226151764392853,
    0.08049518428742886,
    0.08092759363353252,
    0.07948635332286358,
    0.07934907637536526,
    0.07890709303319454,
    0.07895008474588394,
    0.07810632511973381,
    0.07790007628500462,
    0.07766798697412014,
    0.07676234468817711,
    0.0773443728685379,
    0.0768014844506979,
    0.07710873894393444,
    0.07693383656442165,
    0.07549815811216831,
    0.07532504573464394,
    0.07521320693194866,
    0.07465470395982265,
    0.07401579804718494,
    0.07348714023828506,
    0.07147091254591942,
    0.07124592363834381,
    0.06967702135443687,
    0.07016293331980705,
    0.0698968730866909,
    0.06851251982152462,
    0.06871472299098969,
    0.06726791150867939,
    0.06598178204149008,
    0.06619648262858391,
    0.0652601458132267,
    0.06594553776085377,
    0.0656955735757947,
    0.06481087394058704,
    0.06448495015501976,
    0.06343919038772583,
    0.06271850783377886,
    0.06361713819205761,
    0.06295033358037472,
    0.06375889666378498,
    0.06333167850971222,
    0.06298264395445585,
    0.062287285923957825,
    0.06206381693482399,
    0.06204315833747387,
    0.06320460233837366,
    0.06264278199523687,
    0.06196368858218193,
    0.0614198911935091,
    0.06134413927793503,
    0.0612742081284523,
    0.06078742165118456,
    0.06094574835151434,
    0.061028857715427876,
    0.06082926411181688,
    0.060947924852371216,
    0.0607032235711813,
    0.0606027003377676,
    0.060116155073046684,
    0.060010272078216076,
    0.06029881723225117,
    0.06030171271413565,
    0.06058851256966591,
    0.06076685059815645,
    0.0602803835645318,
    0.05987711250782013,
    0.05978018511086702,
    0.059625519439578056,
    0.05982670094817877,
    0.05963184218853712,
    0.059908472932875156,
    0.05981398094445467,
    0.05964747443795204,
    0.059052832424640656,
    0.0597795695066452,
    0.05919406749308109,
    0.05897634383291006
  ],
  "val_losses": [
    0.2704126238822937,
    0.21177221834659576,
    0.19237832725048065,
    0.20565077662467957,
    0.2307531088590622,
    0.23934434354305267,
    0.23837436735630035,
    0.23717127740383148,
    0.23609641194343567,
    0.23286457359790802,
    0.23074159026145935,
    0.22800476849079132,
    0.22291700541973114,
    0.2156842201948166,
    0.1992425173521042,
    0.17772190272808075,
    0.15610308945178986,
    0.13531562685966492,
    0.11192828416824341,
    0.09665139764547348,
    0.08773225545883179,
    0.08383417874574661,
    0.08095776289701462,
    0.07947100698947906,
    0.08170436322689056,
    0.08845436573028564,
    0.09143651276826859,
    0.09376386553049088,
    0.10200846195220947,
    0.09570550918579102,
    0.0796041414141655,
    0.08203946053981781,
    0.07033467292785645,
    0.0743536725640297,
    0.0745004341006279,
    0.06908243149518967,
    0.07490720599889755,
    0.07916563749313354,
    0.08114123344421387,
    0.07247927039861679,
    0.07681266963481903,
    0.07105088233947754,
    0.06880631297826767,
    0.06724711507558823,
    0.08161597698926926,
    0.07853002846240997,
    0.08114607632160187,
    0.09031034260988235,
    0.10963471233844757,
    0.13650058209896088,
    0.14711424708366394,
    0.25221917033195496,
    0.2148645669221878,
    0.29849010705947876,
    0.3490898907184601,
    0.2302345484495163,
    0.10963892936706543,
    0.08676987141370773,
    0.0790850967168808,
    0.06788194179534912,
    0.06708548963069916,
    0.06889049708843231,
    0.0653240829706192,
    0.06469058245420456,
    0.06590096652507782,
    0.06757256388664246,
    0.06486326456069946,
    0.06986166536808014,
    0.06897837668657303,
    0.0691676065325737,
    0.06962087750434875,
    0.07643717527389526,
    0.07099995762109756,
    0.06744153052568436,
    0.06795099377632141,
    0.06814632564783096,
    0.06592417508363724,
    0.06517092883586884,
    0.06573425978422165,
    0.06573495268821716,
    0.06499490886926651,
    0.06546159088611603,
    0.06765486299991608,
    0.06543636322021484
  ],
  "final_metrics": {
    "overall": {
      "mae": 0.4406016170978546,
      "rmse": 0.9230750799179077,
      "r2": 0.2219192385673523
    },
    "parameters": {
      "n1": {
        "mae": "1.102063",
        "rmse": "1.3694121",
        "r2": 0.4591163992881775,
        "within_tolerance": 0.0392156862745098,
        "tolerance": 0.1
      },
      "k1": {
        "mae": "0.024326602",
        "rmse": "0.02846161",
        "r2": 0.22997593879699707,
        "within_tolerance": 0.0392156862745098,
        "tolerance": 0.001
      },
      "d1": {
        "mae": "9.5983785e-05",
        "rmse": "0.00011294682",
        "r2": 0.1257237195968628,
        "within_tolerance": 0.2549019607843137,
        "tolerance": 5e-05
      },
      "n2": {
        "mae": "1.4208251",
        "rmse": "1.7074832",
        "r2": 0.21764999628067017,
        "within_tolerance": 0.0392156862745098,
        "tolerance": 0.1
      },
      "k2": {
        "mae": "0.02333818",
        "rmse": "0.027356017",
        "r2": 0.270504355430603,
        "within_tolerance": 0.0392156862745098,
        "tolerance": 0.001
      },
      "d2": {
        "mae": "9.038958e-05",
        "rmse": "0.00010990284",
        "r2": 0.16013354063034058,
        "within_tolerance": 0.29411764705882354,
        "tolerance": 5e-05
      },
      "n3": {
        "mae": "1.3705152",
        "rmse": "1.6957082",
        "r2": 0.32985347509384155,
        "within_tolerance": 0.0196078431372549,
        "tolerance": 0.1
      },
      "k3": {
        "mae": "0.024054103",
        "rmse": "0.028912138",
        "r2": 0.1290178894996643,
        "within_tolerance": 0.0196078431372549,
        "tolerance": 0.001
      },
      "d3": {
        "mae": "0.000106088286",
        "rmse": "0.00012333124",
        "r2": 0.07529771327972412,
        "within_tolerance": 0.21568627450980393,
        "tolerance": 5e-05
      }
    },
    "avg_tolerance_satisfaction": 0.10675381263616558,
    "loss": 0.06543636322021484
  },
  "param_ranges": {
    "n": [
      1.0,
      8.0
    ],
    "k": [
      -0.1,
      0.001
    ],
    "d": [
      5e-05,
      0.0005
    ]
  }
}