{
  "train_losses": [
    0.07757323406530782,
    0.061948377003460696,
    0.05863560425444237,
    0.056589903018627125,
    0.055042076626377646,
    0.05379675943139605,
    0.05303905466439035,
    0.05222983287550262,
    0.05152690693100482,
    0.05090759078402655,
    0.05010871997023646,
    0.04960234092451385,
    0.04894899894699666,
    0.04868429057052915,
    0.048189975727367176,
    0.04770368498295404,
    0.0472904987880404,
    0.04693560978459521,
    0.04678451811885947,
    0.04634613443113051,
    0.046016295480219675,
    0.045609169326263584,
    0.04532781956602612,
    0.04508599211678121,
    0.04487733451111057,
    0.04455937014371863,
    0.04434460244401936,
    0.044014115804603314,
    0.04407923077166928,
    0.04369065425054157,
    0.043272169103837126,
    0.04319995977161055,
    0.04314815002312592,
    0.04304046182058999,
    0.04269038197271067,
    0.04119784912862484,
    0.04101088718992274,
    0.04082570601060492,
    0.040711788822548084,
    0.04064846065301466,
    0.040571874828558965,
    0.04049367586512701,
    0.04030351411392338,
    0.04030713287151255,
    0.03998002621799849,
    0.03999892431554071,
    0.039753250195093064,
    0.039668904838121334,
    0.03963787933167123,
    0.039583224432445815,
    0.03946378726459227,
    0.03930893776964802,
    0.03921410642670229,
    0.03919952948935224,
    0.039126917896395046,
    0.038890813658305254,
    0.03881044984216939,
    0.038884912339431976,
    0.03888410338646428,
    0.03870883633457654,
    0.038708021625947046,
    0.0385798672434843,
    0.03759280360917344,
    0.03743579499953166,
    0.03737366919833902,
    0.037325392931841,
    0.03716590447942793,
    0.037080489875863515,
    0.037164026368144566,
    0.03710170692247802,
    0.03694505795342097,
    0.0369762237320579,
    0.036872172454522116,
    0.036787899096288955,
    0.03661469304801729,
    0.036677783355116844,
    0.036739634676567184,
    0.03602083948092156,
    0.03595266975815545,
    0.036017303853803334,
    0.03595205556195211,
    0.0358058881297072,
    0.03582374078896938,
    0.035698870470597284,
    0.035738529522695815,
    0.0356782800584184
  ],
  "val_losses": [
    0.16016262769699097,
    0.5253401423494021,
    1.265780766805013,
    3.110967069864273,
    0.5512007574240366,
    0.09190540760755539,
    0.36263540014624596,
    0.08360477009167273,
    0.14512683699528375,
    0.23342343978583813,
    0.20212749081353346,
    0.09011447491745155,
    0.10017394305517276,
    0.3138659633696079,
    0.0716321070988973,
    0.1029134060566624,
    0.4153744764626026,
    0.10876443050801754,
    0.20644032955169678,
    0.5480355968077978,
    0.11754389697064956,
    0.15416844623784223,
    0.08877479936927557,
    0.0638240344511966,
    0.11013616031656663,
    0.3582451517383258,
    0.08226400117079417,
    0.14514940418303013,
    0.2641605492681265,
    0.22525345720350742,
    0.12964990207304558,
    0.09873175000150998,
    0.12311709392815828,
    0.16311383744080862,
    0.09187076706439257,
    0.06623147924741109,
    0.12434427098681529,
    0.06406161189079285,
    0.11404113564640284,
    0.0642876154743135,
    0.059379098316033684,
    0.10533271916210651,
    0.06378120478863518,
    0.11080735673507054,
    0.07230286858975887,
    0.0752910072915256,
    0.07901085230211417,
    0.21780478147168955,
    0.10082381653289,
    0.09036156876633565,
    0.05740147829055786,
    0.0658045035476486,
    0.06206116623555621,
    0.0627170279622078,
    0.11896396769831578,
    0.09138893739630778,
    0.062464477183918156,
    0.07786520632604758,
    0.11231435680141051,
    0.06630169056976835,
    0.0652141091413796,
    0.09837713806579511,
    0.05510875163599849,
    0.07261927736302216,
    0.0639863236186405,
    0.040064356134583555,
    0.10236609013130267,
    0.05630483074734608,
    0.08282376577456792,
    0.0628640449916323,
    0.060465907057126365,
    0.08758531200389068,
    0.054689637230088316,
    0.06925782033552726,
    0.06569823964188497,
    0.04850851666803161,
    0.04690029704943299,
    0.050595453940331936,
    0.04994162218645215,
    0.04011331188182036,
    0.04293397612248858,
    0.05420464448009928,
    0.048513936499754585,
    0.04216063876325885,
    0.04110221906254689,
    0.062091107945889235
  ],
  "final_metrics": {
    "overall": {
      "mae": 0.2576327919960022,
      "rmse": 0.5684494376182556,
      "r2": 0.24349386990070343
    },
    "parameters": {
      "n1": {
        "mae": "0.8900483",
        "rmse": "1.1012771",
        "r2": 0.3919903635978699,
        "within_tolerance": 0.07233333333333333,
        "tolerance": 0.1
      },
      "k1": {
        "mae": "0.021253612",
        "rmse": "0.026568383",
        "r2": 0.16742157936096191,
        "within_tolerance": 0.03166666666666667,
        "tolerance": 0.001
      },
      "d1": {
        "mae": "8.873516e-05",
        "rmse": "0.000111453664",
        "r2": 0.24016231298446655,
        "within_tolerance": 0.3453333333333333,
        "tolerance": 5e-05
      },
      "n2": {
        "mae": "0.45988566",
        "rmse": "0.6795742",
        "r2": 0.7732819318771362,
        "within_tolerance": 0.185,
        "tolerance": 0.1
      },
      "k2": {
        "mae": "0.027648935",
        "rmse": "0.034922063",
        "r2": -0.4369986057281494,
        "within_tolerance": 0.029,
        "tolerance": 0.001
      },
      "d2": {
        "mae": "8.1235085e-05",
        "rmse": "0.000111110625",
        "r2": 0.24791675806045532,
        "within_tolerance": 0.44166666666666665,
        "tolerance": 5e-05
      },
      "n3": {
        "mae": "0.897327",
        "rmse": "1.1094545",
        "r2": 0.398851215839386,
        "within_tolerance": 0.07333333333333333,
        "tolerance": 0.1
      },
      "k3": {
        "mae": "0.022275254",
        "rmse": "0.027676815",
        "r2": 0.08859145641326904,
        "within_tolerance": 0.028,
        "tolerance": 0.001
      },
      "d3": {
        "mae": "8.6272776e-05",
        "rmse": "0.000106903346",
        "r2": 0.32022643089294434,
        "within_tolerance": 0.34833333333333333,
        "tolerance": 5e-05
      }
    },
    "avg_tolerance_satisfaction": 0.17274074074074075,
    "loss": 0.062091107945889235
  },
  "param_ranges": {
    "n": [
      1.0,
      6.0
    ],
    "k": [
      -0.1,
      0.001
    ],
    "d": [
      5e-05,
      0.0005
    ]
  }
}