{
  "train_losses": [
    0.07661660038535063,
    0.061525341158653324,
    0.05811206971723321,
    0.056286400810802155,
    0.05485490407635815,
    0.05333620791822248,
    0.05248561632152982,
    0.05168308930303813,
    0.05113672172006273,
    0.050565966515320734,
    0.04985438564447995,
    0.049255161930175755,
    0.04883775212117846,
    0.04817952055007361,
    0.04784998686110239,
    0.047336848249650114,
    0.04693381973846829,
    0.04654391950340633,
    0.04616697335624582,
    0.0459778726771827,
    0.045323238889046755,
    0.04518788025418729,
    0.045018184718221284,
    0.044661476395988914,
    0.04438872308739554,
    0.04407959992851691,
    0.04391314377081338,
    0.04343843728445153,
    0.04345258846172789,
    0.04191915992806308,
    0.0416330281662715,
    0.04123730770360802,
    0.04121623108807898,
    0.041316258116356,
    0.04095219299903413,
    0.040872355631742435,
    0.04078822081546648,
    0.04048138479062166
  ],
  "val_losses": [
    0.07156292380144198,
    0.09418389946222305,
    0.11683442536741495,
    0.5774935285250345,
    0.6623358900348345,
    0.08175715617835522,
    1.7626991271972656,
    0.2098864627381166,
    0.06863509397953749,
    0.09488596674054861,
    0.0885057005410393,
    0.21151643246412277,
    0.1342087915788094,
    0.09738435534139474,
    0.08511016300568978,
    0.07277644549806912,
    0.1132350688179334,
    0.060247531005491815,
    0.09928840057303508,
    0.34608030940095585,
    0.07805695446829002,
    0.10201885954787333,
    0.14158646451930204,
    0.5828104416529337,
    0.29441820954283077,
    0.0871234368532896,
    0.14673285000026226,
    0.2815341440339883,
    0.08556340138117473,
    0.08086624244848888,
    0.06492510624229908,
    0.07938951657464106,
    0.07103825577845176,
    0.1235668733716011,
    0.09921202187736829,
    0.07623236812651157,
    0.2170641894141833,
    0.15100941061973572
  ],
  "final_metrics": {
    "overall": {
      "mae": 0.288396418094635,
      "rmse": 0.6052191257476807,
      "r2": -0.8437970876693726
    },
    "parameters": {
      "n1": {
        "mae": "0.93498045",
        "rmse": "1.1315917",
        "r2": 0.35805654525756836,
        "within_tolerance": 0.058333333333333334,
        "tolerance": 0.1
      },
      "k1": {
        "mae": "0.02504131",
        "rmse": "0.031742427",
        "r2": -0.18843424320220947,
        "within_tolerance": 0.029,
        "tolerance": 0.001
      },
      "d1": {
        "mae": "0.00014932608",
        "rmse": "0.00017939058",
        "r2": -0.9684818983078003,
        "within_tolerance": 0.198,
        "tolerance": 5e-05
      },
      "n2": {
        "mae": "0.6395741",
        "rmse": "0.84884584",
        "r2": 0.6462714672088623,
        "within_tolerance": 0.10233333333333333,
        "tolerance": 0.1
      },
      "k2": {
        "mae": "0.040629268",
        "rmse": "0.048763093",
        "r2": -1.8018124103546143,
        "within_tolerance": 0.013,
        "tolerance": 0.001
      },
      "d2": {
        "mae": "0.0002864778",
        "rmse": "0.000319502",
        "r2": -5.2187323570251465,
        "within_tolerance": 0.03266666666666666,
        "tolerance": 5e-05
      },
      "n3": {
        "mae": "0.9307807",
        "rmse": "1.1363407",
        "r2": 0.3693620562553406,
        "within_tolerance": 0.06633333333333333,
        "tolerance": 0.1
      },
      "k3": {
        "mae": "0.023984386",
        "rmse": "0.030286541",
        "r2": -0.09139049053192139,
        "within_tolerance": 0.027666666666666666,
        "tolerance": 0.001
      },
      "d3": {
        "mae": "0.0001419063",
        "rmse": "0.0001690081",
        "r2": -0.6990132331848145,
        "within_tolerance": 0.20033333333333334,
        "tolerance": 5e-05
      }
    },
    "avg_tolerance_satisfaction": 0.08085185185185186,
    "loss": 0.15100941061973572
  },
  "param_ranges": {
    "n": [
      1.0,
      6.0
    ],
    "k": [
      -0.1,
      0.001
    ],
    "d": [
      5e-05,
      0.0005
    ]
  }
}