{
  "n1": {
    "rmse": 1.5834941864013672,
    "mae": 1.3030670881271362,
    "r2": 0.3672329783439636,
    "max_error": 5.222036838531494
  },
  "k1": {
    "rmse": 0.02329295314848423,
    "mae": 0.019157059490680695,
    "r2": 0.3875804543495178,
    "max_error": 0.08141247183084488
  },
  "d1": {
    "rmse": 0.00010184536222368479,
    "mae": 8.312003774335608e-05,
    "r2": 0.38714104890823364,
    "max_error": 0.00031813204986974597
  },
  "n2": {
    "rmse": 1.2255737781524658,
    "mae": 0.9800900220870972,
    "r2": 0.6279817819595337,
    "max_error": 4.430505752563477
  },
  "k2": {
    "rmse": 0.01914357580244541,
    "mae": 0.013843655586242676,
    "r2": 0.575782299041748,
    "max_error": 0.08461502939462662
  },
  "d2": {
    "rmse": 7.284073944902048e-05,
    "mae": 5.567335756495595e-05,
    "r2": 0.6872589588165283,
    "max_error": 0.00031038967426866293
  },
  "n3": {
    "rmse": 1.5420433282852173,
    "mae": 1.2717384099960327,
    "r2": 0.3946821689605713,
    "max_error": 4.6528639793396
  },
  "k3": {
    "rmse": 0.023339003324508667,
    "mae": 0.018955668434500694,
    "r2": 0.35992610454559326,
    "max_error": 0.07179409265518188
  },
  "d3": {
    "rmse": 9.970513201551512e-05,
    "mae": 8.148616325343028e-05,
    "r2": 0.3991895318031311,
    "max_error": 0.00030985160265117884
  }
}